<configs>

<!-- 	// In-game Menu -->


		
	<append xpath="/windows/window[@name='ingameMenu']/grid[@name='buttons']">
	
		<!-- sprite="ui_game_select_row" -->
		<!-- sprite="menu_empty" -->
		<!--
		<button caption="Test" width="250" height="46" style="press" color="5,5,5,1" defaultsprite="menu_empty"  selectedsprite="ui_game_select_row" enabled_font_color="[labelColor]"  selectedcolor="[mediumGrey]" hovercolor="[white]" hoversprite="ui_game_select_row" foregroundlayer="true"  sound="[default_click]" controller="ServerInfo"> 
			<label name="ServerDescription" />
			<label text="&#10; [FFFFFF][Server Information] " depth="10" pos="0,0" width="250" height="46" name="ServerWebsiteURL" text_key="link1url" justify="center" style="press" color="5,5,5,1" font_size="30" upper_case="false" button_name="link1hover"/>
		</button>

		<simplebutton name="test1" depth="3" width="250" height="46" Caption="Join Steam Group"  font_size="40" />
		-->
		<lesssimplebutton name="test2" depth="3" width="250" height="46"  Caption="Server Information" font_size="34" />
	</append>
</configs>