<?xml version="1.0" encoding="utf-8"?>

<survager>
	<!--
	<append xpath="/entity_classes/entity_class[@name='zombieTemplateMale']" >
		<property name="LootListOnDeath" value="210"/>
	</append>
	-->
	
		<!-- This part disables Loot Drop 
	<set xpath="/entity_classes/entity_class[@name='zombieTemplateMale' or @name='zombieWightFeral' or @name='zombieWightRadiated' or @name='zombieWightRadiated' or @name='zombieBoe' or @name='zombieBoeFeral' or @name='zombieBoeRadiated' or @name='zombieFootballPlayer' or @name='zombieFemaleFat' or @name='zombieFemaleFatFeral' or @name='zombieFemaleFatRadiated' or @name='zombieJoe' or @name='zombieJoeFeral' or @name='zombieJoeRadiated' or @name='zombieJanitor' or @name='zombieJanitorFeral' or @name='zombieJanitorRadiated' or @name='zombieMoe' or @name='zombieMoeFeral' or @name='zombieMoeRadiated' or @name='zombieArlene' or @name='zombieArleneFeral' or @name='zombieArleneRadiated' or @name='zombieLab' or @name='zombieLabFeral' or @name='zombieLabRadiated' or @name='zombieScreamer' or @name='zombieScreamerFeral' or @name='zombieScreamerRadiated' or @name='zombieDarlene' or @name='zombieDarleneFeral' or @name='zombieDarleneRadiated' or @name='zombieMarlene' or @name='zombieMarleneFeral' or @name='zombieMarleneRadiated' or @name='zombieYo' or @name='zombieYoFeral' or @name='zombieYoRadiated' or @name='zombieSteve' or @name='zombieSteveFeral' or @name='zombieSteveRadiated' or @name='zombieSteveCrawler' or @name='zombieSteveCrawlerFeral' or @name='zombieBusinessMan' or @name='zombieBusinessManFeral' or @name='zombieSnow' or @name='zombieSnowFeral' or @name='zombieSpider' or @name='zombieSpiderFeral' or @name='zombieSpiderRadiated' or @name='zombieBurnt' or @name='zombieNurse' or @name='zombieNurseFeral' or @name='zombieFatHawaiian' or @name='zombieFatHawaiianFeral' or @name='zombieFatCop' or @name='zombieFatCopFeral' or @name='zombieFatCopRadiated' or @name='zombieMaleHazmat' or @name='zombieUtilityWorker' or @name='zombieUtilityWorkerFeral' or @name='zombieSoldier' or @name='zombieSoldierFeral' or @name='zombieSoldierRadiated' or @name='zombieDemolition' or @name='zombieSkateboarder' or @name='zombieSkateboarderFeral' or @name='zombieSkateboarderRadiated' or @name='zombieCheerleader' or @name='zombieCheerleaderFeral' or @name='zombieCheerleaderRadiated' or @name='zombieOldTimer' or @name='zombieOldTimerFeral' or @name='zombieOldTimerRadiated' or @name='zombieBiker' or @name='zombieBikerFeral' or @name='zombieBikerRadiated' or @name='zombieFarmer' or @name='zombieFarmerFeral' or @name='zombieStripper' or @name='zombieStripperFeral']/property[@name='LootDropProb']/@value">0</set>
		-->
	
	<append xpath="/entity_classes/entity_class[@name='zombieWightFeral']" >
		<property name="LootListOnDeath" value="287"/>
	</append>
	
	<append xpath="/entity_classes/entity_class[@name='zombieWightRadiated']" >
		<property name="LootListOnDeath" value="288"/>
	</append>
	
	<append xpath="/entity_classes/entity_class[@name='zombieBoe']" >
		<property name="LootListOnDeath" value="210"/>
	</append>
	
	<append xpath="/entity_classes/entity_class[@name='zombieBoeFeral']" >
		<property name="LootListOnDeath" value="211"/>
	</append>
	
	<append xpath="/entity_classes/entity_class[@name='zombieBoeRadiated']" >
		<property name="LootListOnDeath" value="212"/>
	</append>
	
	<append xpath="/entity_classes/entity_class[@name='zombieFootballPlayer']" >
		<property name="LootListOnDeath" value="213"/>
	</append>
	
	<append xpath="/entity_classes/entity_class[@name='zombieFemaleFat']" >
		<property name="LootListOnDeath" value="214"/>
	</append>
	
	<append xpath="/entity_classes/entity_class[@name='zombieFemaleFatFeral']" >
		<property name="LootListOnDeath" value="215"/>
	</append>
	
	<append xpath="/entity_classes/entity_class[@name='zombieFemaleFatRadiated']" >
		<property name="LootListOnDeath" value="216"/>
	</append>
	
	<append xpath="/entity_classes/entity_class[@name='zombieJoe']" >
		<property name="LootListOnDeath" value="217"/>
	</append>
	
	<append xpath="/entity_classes/entity_class[@name='zombieJoeFeral']" >
		<property name="LootListOnDeath" value="218"/>
	</append>
	
	<append xpath="/entity_classes/entity_class[@name='zombieJoeRadiated']" >
		<property name="LootListOnDeath" value="219"/>
	</append>
	
	<append xpath="/entity_classes/entity_class[@name='zombieJanitor']" >
		<property name="LootListOnDeath" value="220"/>
	</append>
	
	<append xpath="/entity_classes/entity_class[@name='zombieJanitorFeral']" >
		<property name="LootListOnDeath" value="221"/>
	</append>
	
	<append xpath="/entity_classes/entity_class[@name='zombieJanitorRadiated']" >
		<property name="LootListOnDeath" value="222"/>
	</append>
	
	<append xpath="/entity_classes/entity_class[@name='zombieMoe']" >
		<property name="LootListOnDeath" value="223"/>
	</append>
	
	<append xpath="/entity_classes/entity_class[@name='zombieMoeFeral']" >
		<property name="LootListOnDeath" value="224"/>
	</append>
	
	<append xpath="/entity_classes/entity_class[@name='zombieMoeRadiated']" >
		<property name="LootListOnDeath" value="225"/>
	</append>
	
	<append xpath="/entity_classes/entity_class[@name='zombieArlene']" >
		<property name="LootListOnDeath" value="226"/>
	</append>
	
	<append xpath="/entity_classes/entity_class[@name='zombieArleneFeral']" >
		<property name="LootListOnDeath" value="227"/>
	</append>
	
	<append xpath="/entity_classes/entity_class[@name='zombieArleneRadiated']" >
		<property name="LootListOnDeath" value="228"/>
	</append>
	
	<append xpath="/entity_classes/entity_class[@name='zombieLab']" >
		<property name="LootListOnDeath" value="243"/>
	</append>
	
	<append xpath="/entity_classes/entity_class[@name='zombieLabFeral']" >
		<property name="LootListOnDeath" value="244"/>
	</append>
	
	<append xpath="/entity_classes/entity_class[@name='zombieLabRadiated']" >
		<property name="LootListOnDeath" value="245"/>
	</append>
	
	<append xpath="/entity_classes/entity_class[@name='zombieScreamer']" >
		<property name="LootListOnDeath" value="246"/>
	</append>
	
	<append xpath="/entity_classes/entity_class[@name='zombieScreamerFeral']" >
		<property name="LootListOnDeath" value="247"/>
	</append>
	
	<append xpath="/entity_classes/entity_class[@name='zombieScreamerRadiated']" >
		<property name="LootListOnDeath" value="248"/>
	</append>
	
	<append xpath="/entity_classes/entity_class[@name='zombieDarlene']" >
		<property name="LootListOnDeath" value="229"/>
	</append>
	
	<append xpath="/entity_classes/entity_class[@name='zombieDarleneFeral']" >
		<property name="LootListOnDeath" value="230"/>
	</append>
	
	<append xpath="/entity_classes/entity_class[@name='zombieDarleneRadiated']" >
		<property name="LootListOnDeath" value="231"/>
	</append>
	
	<append xpath="/entity_classes/entity_class[@name='zombieMarlene']" >
		<property name="LootListOnDeath" value="232"/>
	</append>
	
	<append xpath="/entity_classes/entity_class[@name='zombieMarleneFeral']" >
		<property name="LootListOnDeath" value="233"/>
	</append>
	
	<append xpath="/entity_classes/entity_class[@name='zombieMarleneRadiated']" >
		<property name="LootListOnDeath" value="234"/>
	</append>
	
	<append xpath="/entity_classes/entity_class[@name='zombieYo']" >
		<property name="LootListOnDeath" value="235"/>
	</append>
	
	<append xpath="/entity_classes/entity_class[@name='zombieYoFeral']" >
		<property name="LootListOnDeath" value="236"/>
	</append>
	
	<append xpath="/entity_classes/entity_class[@name='zombieYoRadiated']" >
		<property name="LootListOnDeath" value="237"/>
	</append>
	
	<append xpath="/entity_classes/entity_class[@name='zombieSteve']" >
		<property name="LootListOnDeath" value="238"/>
	</append>
	
	<append xpath="/entity_classes/entity_class[@name='zombieSteveFeral']" >
		<property name="LootListOnDeath" value="239"/>
	</append>
	
	<append xpath="/entity_classes/entity_class[@name='zombieSteveRadiated']" >
		<property name="LootListOnDeath" value="240"/>
	</append>
	
	<append xpath="/entity_classes/entity_class[@name='zombieSteveCrawler']" >
		<property name="LootListOnDeath" value="249"/>
	</append>
	
	<append xpath="/entity_classes/entity_class[@name='zombieSteveCrawlerFeral']" >
		<property name="LootListOnDeath" value="250"/>
	</append>
	
	<append xpath="/entity_classes/entity_class[@name='zombieBusinessMan']" >
		<property name="LootListOnDeath" value="241"/>
	</append>
	
	<append xpath="/entity_classes/entity_class[@name='zombieBusinessManFeral']" >
		<property name="LootListOnDeath" value="242"/>
	</append>
	
	<append xpath="/entity_classes/entity_class[@name='zombieSnow']" >
		<property name="LootListOnDeath" value="251"/>
	</append>
	
	<append xpath="/entity_classes/entity_class[@name='zombieSnowFeral']" >
		<property name="LootListOnDeath" value="252"/>
	</append>
	
	<append xpath="/entity_classes/entity_class[@name='zombieSpider']" >
		<property name="LootListOnDeath" value="253"/>
	</append>
	
	<append xpath="/entity_classes/entity_class[@name='zombieSpiderFeral']" >
		<property name="LootListOnDeath" value="254"/>
	</append>
	
	<append xpath="/entity_classes/entity_class[@name='zombieSpiderRadiated']" >
		<property name="LootListOnDeath" value="255"/>
	</append>
	
	<append xpath="/entity_classes/entity_class[@name='zombieBurnt']" >
		<property name="LootListOnDeath" value="256"/>
	</append>
	
	<append xpath="/entity_classes/entity_class[@name='zombieNurse']" >
		<property name="LootListOnDeath" value="257"/>
	</append>
	
	<append xpath="/entity_classes/entity_class[@name='zombieNurseFeral']" >
		<property name="LootListOnDeath" value="258"/>
	</append>
	
	<append xpath="/entity_classes/entity_class[@name='zombieFatHawaiian']" >
		<property name="LootListOnDeath" value="259"/>
	</append>
	
	<append xpath="/entity_classes/entity_class[@name='zombieFatHawaiianFeral']" >
		<property name="LootListOnDeath" value="260"/>
	</append>
	
	<append xpath="/entity_classes/entity_class[@name='zombieFatCop']" >
		<property name="LootListOnDeath" value="261"/>
	</append>
	
	<append xpath="/entity_classes/entity_class[@name='zombieFatCopFeral']" >
		<property name="LootListOnDeath" value="262"/>
	</append>
	
	<append xpath="/entity_classes/entity_class[@name='zombieFatCopRadiated']" >
		<property name="LootListOnDeath" value="263"/>
	</append>
	
	<append xpath="/entity_classes/entity_class[@name='zombieMaleHazmat']" >
		<property name="LootListOnDeath" value="264"/>
	</append>
	
	<append xpath="/entity_classes/entity_class[@name='zombieUtilityWorker']" >
		<property name="LootListOnDeath" value="265"/>
	</append>
	
	<append xpath="/entity_classes/entity_class[@name='zombieUtilityWorkerFeral']" >
		<property name="LootListOnDeath" value="266"/>
	</append>
	
	<append xpath="/entity_classes/entity_class[@name='zombieSoldier']" >
		<property name="LootListOnDeath" value="267"/>
	</append>
	
	<append xpath="/entity_classes/entity_class[@name='zombieSoldierFeral']" >
		<property name="LootListOnDeath" value="268"/>
	</append>
	
	<append xpath="/entity_classes/entity_class[@name='zombieSoldierRadiated']" >
		<property name="LootListOnDeath" value="269"/>
	</append>
	
	<append xpath="/entity_classes/entity_class[@name='zombieDemolition']" >
		<property name="LootListOnDeath" value="270"/>
	</append>
	
	<append xpath="/entity_classes/entity_class[@name='zombieSkateboarder']" >
		<property name="LootListOnDeath" value="271"/>
	</append>
	
	<append xpath="/entity_classes/entity_class[@name='zombieSkateboarderFeral']" >
		<property name="LootListOnDeath" value="272"/>
	</append>
	
	<append xpath="/entity_classes/entity_class[@name='zombieSkateboarderRadiated']" >
		<property name="LootListOnDeath" value="273"/>
	</append>
	
	<append xpath="/entity_classes/entity_class[@name='zombieCheerleader']" >
		<property name="LootListOnDeath" value="274"/>
	</append>
	
	<append xpath="/entity_classes/entity_class[@name='zombieCheerleaderFeral']" >
		<property name="LootListOnDeath" value="275"/>
	</append>
	
	<append xpath="/entity_classes/entity_class[@name='zombieCheerleaderRadiated']" >
		<property name="LootListOnDeath" value="276"/>
	</append>
	
	<append xpath="/entity_classes/entity_class[@name='zombieOldTimer']" >
		<property name="LootListOnDeath" value="277"/>
	</append>
	
	<append xpath="/entity_classes/entity_class[@name='zombieOldTimerFeral']" >
		<property name="LootListOnDeath" value="278"/>
	</append>
	
	<append xpath="/entity_classes/entity_class[@name='zombieOldTimerRadiated']" >
		<property name="LootListOnDeath" value="279"/>
	</append>
	
	<append xpath="/entity_classes/entity_class[@name='zombieBiker']" >
		<property name="LootListOnDeath" value="280"/>
	</append>
	
	<append xpath="/entity_classes/entity_class[@name='zombieBikerFeral']" >
		<property name="LootListOnDeath" value="281"/>
	</append>
	
	<append xpath="/entity_classes/entity_class[@name='zombieBikerRadiated']" >
		<property name="LootListOnDeath" value="282"/>
	</append>
	
	<append xpath="/entity_classes/entity_class[@name='zombieFarmer']" >
		<property name="LootListOnDeath" value="283"/>
	</append>
	
	<append xpath="/entity_classes/entity_class[@name='zombieFarmerFeral']" >
		<property name="LootListOnDeath" value="284"/>
	</append>
	
	<append xpath="/entity_classes/entity_class[@name='zombieStripper']" >
		<property name="LootListOnDeath" value="285"/>
	</append>
	
	<append xpath="/entity_classes/entity_class[@name='zombieStripperFeral']" >
		<property name="LootListOnDeath" value="286"/>
	</append>
	
	<set xpath="/entity_classes/entity_class[@name='zombieTemplateMale']/property[@name='TimeStayAfterDeath']/@value">180</set>
	<set xpath="/entity_classes/entity_class[@name='zombieTemplateMale']/property[@name='DeadBodyHitPoints']/@value">1000</set>
</survager>