<configs>
	<append xpath="/recipes">
		<recipe name="bookBundleFiremansAlmanac" count="1" craft_exp_gain="0" craft_time="1">
			<ingredient name="starterPackBook" count="1"/>
		</recipe>
		<recipe name="bookBundleNightStalker" count="1" craft_exp_gain="0" craft_time="1">
			<ingredient name="starterPackBook" count="1"/>
		</recipe>
		<recipe name="bookBundleLuckyLooter" count="1" craft_exp_gain="0" craft_time="1">
			<ingredient name="starterPackBook" count="1"/>
		</recipe>
		<recipe name="bookBundleEnforcer" count="1" craft_exp_gain="0" craft_time="1">
			<ingredient name="starterPackBook" count="1"/>
		</recipe>
		<recipe name="bookBundleBatterUp" count="1" craft_exp_gain="0" craft_time="1">
			<ingredient name="starterPackBook" count="1"/>
		</recipe>
		<recipe name="bookBundleGreatHeist" count="1" craft_exp_gain="0" craft_time="1">
			<ingredient name="starterPackBook" count="1"/>
		</recipe>
		<recipe name="bookBundleWasteTreasures" count="1" craft_exp_gain="0" craft_time="1">
			<ingredient name="starterPackBook" count="1"/>
		</recipe>
		<recipe name="bookBundleNeedleAndThread" count="1" craft_exp_gain="0" craft_time="1">
			<ingredient name="starterPackBook" count="1"/>
		</recipe>
		<recipe name="bookBundleHuntingJournal" count="1" craft_exp_gain="0" craft_time="1">
			<ingredient name="starterPackBook" count="1"/>
		</recipe>
		<recipe name="bookBundleArtOfMining" count="1" craft_exp_gain="0" craft_time="1">
			<ingredient name="starterPackBook" count="1"/>
		</recipe>
		<recipe name="bookBundleRangers" count="1" craft_exp_gain="0" craft_time="1">
			<ingredient name="starterPackBook" count="1"/>
		</recipe>
		<recipe name="bookBundlePistolPete" count="1" craft_exp_gain="0" craft_time="1">
			<ingredient name="starterPackBook" count="1"/>
		</recipe>
		<recipe name="bookBundleShotgunMessiah" count="1" craft_exp_gain="0" craft_time="1">
			<ingredient name="starterPackBook" count="1"/>
		</recipe>
		<recipe name="bookBundleSniper" count="1" craft_exp_gain="0" craft_time="1">
			<ingredient name="starterPackBook" count="1"/>
		</recipe>
		<recipe name="bookBundleAutoWeapons" count="1" craft_exp_gain="0" craft_time="1">
			<ingredient name="starterPackBook" count="1"/>
		</recipe>
		<recipe name="bookBundleUrbanCombat" count="1" craft_exp_gain="0" craft_time="1">
			<ingredient name="starterPackBook" count="1"/>
		</recipe>

	</append>
</configs>
