<configs>

<!--	// SMX // In-game Menu Buttons -->

		<append xpath="/controls">
			<smx_mainmenubutton_1>
				<rect name="${name}" depth="${depth|3}" pos="${pos|0,0}" width="${width|200}" height="${height|60}" enabled_font_color="${enabled_font_color|[labelColor]}" disabled_font_color="${disabled_font_color|[disabledLabelColor]}" controller="SimpleButton" visible="${visible|true}" font_size_default="${height-28|16}" font_size_hover="${height-26|24}">
					<button name="clickable" pos="10,${Round(-height/2,0)|-16}" atlas="uiAtlas" sprite="smx_menu_button_1" defaultcolor="[menuElementsMenuBTN]" hovercolor="[lightGrey]" type="sliced" hoverscale="1.0" pivot="${pivot|left}" tooltip_key="${tooltip_key|}" sound_play_on_hover="[default_hover]" sound="${sound|[default_click]}" />
					<label name="btnLabel" depth="2" pos="10,${Round(1-height/2,0)|-16}" width="${width-20|196}" text="${caption|}" text_key="${caption_key|}" font_size="${height-28|16}" crispness="Never" effect="outline" effect_distance="1,1" upper_case="true" pivot="${pivot|center}" justify="center" />
				</rect>
			</smx_mainmenubutton_1>
		</append>

		<append xpath="/controls">
			<smx_mainmenubutton_2>
				<rect name="${name}" depth="${depth|3}" pos="${pos|0,0}" width="${width|200}" height="${height|60}" enabled_font_color="${enabled_font_color|[labelColor]}" disabled_font_color="${disabled_font_color|[disabledLabelColor]}" controller="SimpleButton" visible="${visible|true}" font_size_default="${height-28|16}" font_size_hover="${height-26|24}">
					<button name="clickable" pos="10,${Round(-height/2,0)|-16}" atlas="uiAtlas" sprite="smx_menu_button_1" flip="horizontally" defaultcolor="[menuElementsMenuBTN]" hovercolor="[lightGrey]" type="sliced" hoverscale="1.0" pivot="${pivot|left}" tooltip_key="${tooltip_key|}" sound_play_on_hover="[default_hover]" sound="${sound|[default_click]}" />
					<label name="btnLabel" depth="2" pos="10,${Round(1-height/2,0)|-16}" width="${width-20|196}" text="${caption|}" text_key="${caption_key|}" font_size="${height-28|16}" crispness="Never" effect="outline" effect_distance="1,1" upper_case="true" pivot="${pivot|center}" justify="center" />
				</rect>
			</smx_mainmenubutton_2>
		</append>

		<append xpath="/controls">
			<smx_mainmenubutton_3>
				<rect name="${name}" depth="${depth|3}" pos="${pos|0,0}" width="${width|200}" height="${height|60}" enabled_font_color="${enabled_font_color|[labelColor]}" disabled_font_color="${disabled_font_color|[disabledLabelColor]}" controller="SimpleButton" visible="${visible|true}" font_size_default="${height-28|16}" font_size_hover="${height-26|24}">
					<button name="clickable" pos="10,${Round(-height/2,0)|-16}" atlas="uiAtlas" sprite="smx_menu_button_1" flip="vertically" defaultcolor="[menuElementsMenuBTN]" hovercolor="[lightGrey]" type="sliced" hoverscale="1.0" pivot="${pivot|left}" tooltip_key="${tooltip_key|}" sound_play_on_hover="[default_hover]" sound="${sound|[default_click]}" />
					<label name="btnLabel" depth="2" pos="10,${Round(1-height/2,0)|-16}" width="${width-20|196}" text="${caption|}" text_key="${caption_key|}" font_size="${height-28|16}" crispness="Never" effect="outline" effect_distance="1,1" upper_case="true" pivot="${pivot|center}" justify="center" />
				</rect>
			</smx_mainmenubutton_3>
		</append>

</configs>