<configs>
	<append xpath="/items">
		<item name="starterPackBook">
			<property name="Extends" value="blankNoteMaster"/>
			<property name="CreativeMode" value="Player"/>
			<property name="DescriptionKey" value="starterPackBookDesc"/>
			<property name="CustomIcon" value="questMaster"/>
		</item>
		<item name="bookBundleFiremansAlmanac">
			<property name="CustomIcon" value="bookFiremansAlmanacHeat"/><property name="ItemTypeIcon" value="bundle"/>
			<property name="DescriptionKey" value="bookBundleGroupDesc"/>
			<property name="HoldType" value="45"/>
			<property name="Meshfile" value="#Other/Items?Misc/sackPrefab.prefab"/>
			<property name="DropMeshfile" value="#Other/Items?Misc/sack_droppedPrefab.prefab"/>
			<property name="Material" value="Mpaper"/>
			<property name="Stacknumber" value="5"/> <!-- STK ammobundle -->
			<property name="Weight" value="0"/>
			<property name="EconomicValue" value="10000"/>
			<property name="Group" value="Books"/>
			<property class="Action0">
				<property name="Class" value="OpenBundle"/>
				<property name="Delay" value="0"/>
				<property name="Use_time" value="0"/>
				<property name="Sound_start" value="close_garbage"/>
				<property name="Create_item" value="bookFiremansAlmanacHeat,bookFiremansAlmanacAxes,bookFiremansAlmanacSpeed,bookFiremansAlmanacMolotov,bookFiremansAlmanacPrevention,bookFiremansAlmanacHarvest,bookFiremansAlmanacEquipment"/>
				<property name="Create_item_count" value="1,1,1,1,1,1,1"/>
			</property>
		</item>
		<item name="bookBundleNightStalker">
			<property name="CustomIcon" value="bookNightStalkerStealthDamage"/><property name="ItemTypeIcon" value="bundle"/>
			<property name="Extends" value="bookBundleFiremansAlmanac"/>
			<property class="Action0">
				<property name="Class" value="OpenBundle"/>
				<property name="Delay" value="0"/>
				<property name="Use_time" value="0"/>
				<property name="Sound_start" value="close_garbage"/>
				<property name="Create_item" value="bookNightStalkerStealthDamage,bookNightStalkerSilentNight,bookNightStalkerBlades,bookNightStalkerThiefAdrenaline,bookNightStalkerArchery,bookNightStalkerTwilightThief,bookNightStalkerSlumberParty"/>
				<property name="Create_item_count" value="1,1,1,1,1,1,1"/>
			</property>
		</item>
		<item name="bookBundleLuckyLooter">
			<property name="CustomIcon" value="bookLuckyLooterDukes"/><property name="ItemTypeIcon" value="bundle"/>
			<property name="Extends" value="bookBundleFiremansAlmanac"/>
			<property class="Action0">
				<property name="Class" value="OpenBundle"/>
				<property name="Delay" value="0"/>
				<property name="Use_time" value="0"/>
				<property name="Sound_start" value="close_garbage"/>
				<property name="Create_item" value="bookLuckyLooterDukes,bookLuckyLooterAmmunition,bookLuckyLooterBrass,bookLuckyLooterLead,bookLuckyLooterBooks,bookLuckyLooterFood,bookLuckyLooterMedical"/>
				<property name="Create_item_count" value="1,1,1,1,1,1,1"/>
			</property>
		</item>
		<item name="bookBundleEnforcer">
			<property name="CustomIcon" value="bookEnforcerDamage"/><property name="ItemTypeIcon" value="bundle"/>
			<property name="Extends" value="bookBundleFiremansAlmanac"/>
			<property class="Action0">
				<property name="Class" value="OpenBundle"/>
				<property name="Delay" value="0"/>
				<property name="Use_time" value="0"/>
				<property name="Sound_start" value="close_garbage"/>
				<property name="Create_item" value="bookEnforcerDamage,bookEnforcerApparel,bookEnforcerPunks,bookEnforcerIntimidation,bookEnforcerAPAmmo,bookEnforcerHPAmmo,bookEnforcerCriminalPursuit"/>
				<property name="Create_item_count" value="1,1,1,1,1,1,1"/>
			</property>
		</item>
		<item name="bookBundleBatterUp">
			<property name="CustomIcon" value="bookBatterUpBigHits"/><property name="ItemTypeIcon" value="bundle"/>
			<property name="Extends" value="bookBundleFiremansAlmanac"/>
			<property class="Action0">
				<property name="Class" value="OpenBundle"/>
				<property name="Delay" value="0"/>
				<property name="Use_time" value="0"/>
				<property name="Sound_start" value="close_garbage"/>
				<property name="Create_item" value="bookBatterUpBigHits,bookBatterUpConditioning,bookBatterUpGear,bookBatterUpSlowPitch,bookBatterUpKnockdown,bookBatterUpMaintenance,bookBatterUpBaseballBats"/>
				<property name="Create_item_count" value="1,1,1,1,1,1,1"/>
			</property>
		</item>
		<item name="bookBundleGreatHeist">
			<property name="CustomIcon" value="bookTheGreatHeistSafes"/><property name="ItemTypeIcon" value="bundle"/>
			<property name="Extends" value="bookBundleFiremansAlmanac"/>
			<property class="Action0">
				<property name="Class" value="OpenBundle"/>
				<property name="Delay" value="0"/>
				<property name="Use_time" value="0"/>
				<property name="Sound_start" value="close_garbage"/>
				<property name="Create_item" value="bookGreatHeistSafes,bookGreatHeistGems,bookGreatHeistTimedCharge,bookGreatHeistClaimed,bookGreatHeistAdrenalineFall,bookGreatHeistSprintSneak,bookGreatHeistMotionDetection"/>
				<property name="Create_item_count" value="1,1,1,1,1,1,1"/>
			</property>
		</item>
		<item name="bookBundleWasteTreasures">
			<property name="CustomIcon" value="bookWasteTreasuresHoney"/><property name="ItemTypeIcon" value="bundle"/>
			<property name="Extends" value="bookBundleFiremansAlmanac"/>
			<property class="Action0">
				<property name="Class" value="OpenBundle"/>
				<property name="Delay" value="0"/>
				<property name="Use_time" value="0"/>
				<property name="Sound_start" value="close_garbage"/>
				<property name="Create_item" value="bookWasteTreasuresHoney,bookWasteTreasuresCoffins,bookWasteTreasuresAcid,bookWasteTreasuresWater,bookWasteTreasuresDoors,bookWasteTreasuresCloth,bookWasteTreasuresSinks"/>
				<property name="Create_item_count" value="1,1,1,1,1,1,1"/>
			</property>
		</item>
		<item name="bookBundleNeedleAndThread">
			<property name="CustomIcon" value="bookNeedleAndThreadWinterWear"/><property name="ItemTypeIcon" value="bundle"/>
			<property name="Extends" value="bookBundleFiremansAlmanac"/>
			<property class="Action0">
				<property name="Class" value="OpenBundle"/>
				<property name="Delay" value="0"/>
				<property name="Use_time" value="0"/>
				<property name="Sound_start" value="close_garbage"/>
				<property name="Create_item" value="bookNeedleAndThreadWinterWear,bookNeedleAndThreadLegwear,bookNeedleAndThreadFootwear,bookNeedleAndThreadDesertWear,bookNeedleAndThreadDusters,bookNeedleAndThreadPufferCoats,bookNeedleAndThreadPockets"/>
				<property name="Create_item_count" value="1,1,1,1,1,1,1"/>
			</property>
		</item>
		<item name="bookBundleHuntingJournal">
			<property name="CustomIcon" value="bookHuntingJournalBears"/><property name="ItemTypeIcon" value="bundle"/>
			<property name="Extends" value="bookBundleFiremansAlmanac"/>
			<property class="Action0">
				<property name="Class" value="OpenBundle"/>
				<property name="Delay" value="0"/>
				<property name="Use_time" value="0"/>
				<property name="Sound_start" value="close_garbage"/>
				<property name="Create_item" value="bookHuntingJournalBears,bookHuntingJournalWolves,bookHuntingJournalCoyotes,bookHuntingJournalMountainLions,bookHuntingJournalDeer,bookHuntingJournalVultures,bookHuntingJournalSelfDefense"/>
				<property name="Create_item_count" value="1,1,1,1,1,1,1"/>
			</property>
		</item>
		<item name="bookBundleArtOfMining">
			<property name="CustomIcon" value="bookArtOfMiningLuckyStrike"/><property name="ItemTypeIcon" value="bundle"/>
			<property name="Extends" value="bookBundleFiremansAlmanac"/>
			<property class="Action0">
				<property name="Class" value="OpenBundle"/>
				<property name="Delay" value="0"/>
				<property name="Use_time" value="0"/>
				<property name="Sound_start" value="close_garbage"/>
				<property name="Create_item" value="bookArtOfMiningLuckyStrike,bookArtOfMiningDiamondTools,bookArtOfMiningPallets,bookArtOfMiningCoffee,bookArtOfMiningBlackStrap,bookArtOfMiningAvalanche,bookArtOfMiningLantern"/>
				<property name="Create_item_count" value="1,1,1,1,1,1,1"/>
			</property>
		</item>
		<item name="bookBundleRangers">
			<property name="CustomIcon" value="bookRangersArrowRecovery"/><property name="ItemTypeIcon" value="bundle"/>
			<property name="Extends" value="bookBundleFiremansAlmanac"/>
			<property class="Action0">
				<property name="Class" value="OpenBundle"/>
				<property name="Delay" value="0"/>
				<property name="Use_time" value="0"/>
				<property name="Sound_start" value="close_garbage"/>
				<property name="Create_item" value="bookRangersArrowRecovery,bookRangersExplodingBolts,bookRangersCripplingShot,bookRangersAPAmmo,bookRangersFlamingArrows,bookRangersForestGuide,bookRangersKnockdown"/>
				<property name="Create_item_count" value="1,1,1,1,1,1,1"/>
			</property>
		</item>
		<item name="bookBundlePistolPete">
			<property name="CustomIcon" value="bookPistolPeteTakeAim"/><property name="ItemTypeIcon" value="bundle"/>
			<property name="Extends" value="bookBundleFiremansAlmanac"/>
			<property class="Action0">
				<property name="Class" value="OpenBundle"/>
				<property name="Delay" value="0"/>
				<property name="Use_time" value="0"/>
				<property name="Sound_start" value="close_garbage"/>
				<property name="Create_item" value="bookPistolPeteTakeAim,bookPistolPeteSwissKnees,bookPistolPeteSteadyHand,bookPistolPeteMaintenance,bookPistolPeteHPAmmo,bookPistolPeteAPAmmo,bookPistolPeteDamage"/>
				<property name="Create_item_count" value="1,1,1,1,1,1,1"/>
			</property>
		</item>
		<item name="bookBundleShotgunMessiah">
			<property name="CustomIcon" value="bookShotgunMessiahDamage"/><property name="ItemTypeIcon" value="bundle"/>
			<property name="Extends" value="bookBundleFiremansAlmanac"/>
			<property class="Action0">
				<property name="Class" value="OpenBundle"/>
				<property name="Delay" value="0"/>
				<property name="Use_time" value="0"/>
				<property name="Sound_start" value="close_garbage"/>
				<property name="Create_item" value="bookShotgunMessiahDamage,bookShotgunMessiahBreachingSlugs,bookShotgunMessiahLimbShot,bookShotgunMessiahSlugs,bookShotgunMessiahMaintenance,bookShotgunMessiahMagazine,bookShotgunMessiahPartyStarter"/>
				<property name="Create_item_count" value="1,1,1,1,1,1,1"/>
			</property>
		</item>
		<item name="bookBundleSniper">
			<property name="CustomIcon" value="bookSniperDamage"/><property name="ItemTypeIcon" value="bundle"/>
			<property name="Extends" value="bookBundleFiremansAlmanac"/>
			<property class="Action0">
				<property name="Class" value="OpenBundle"/>
				<property name="Delay" value="0"/>
				<property name="Use_time" value="0"/>
				<property name="Sound_start" value="close_garbage"/>
				<property name="Create_item" value="bookSniperDamage,bookSniperCripplingShot,bookSniperHeadShot,bookSniperGhost,bookSniperControlledBreathing,bookSniperAPAmmo,bookSniperHPAmmo"/>
				<property name="Create_item_count" value="1,1,1,1,1,1,1"/>
			</property>
		</item>
		<item name="bookBundleAutoWeapons">
			<property name="CustomIcon" value="bookAutoWeaponsDamage"/><property name="ItemTypeIcon" value="bundle"/>
			<property name="Extends" value="bookBundleFiremansAlmanac"/>
			<property class="Action0">
				<property name="Class" value="OpenBundle"/>
				<property name="Delay" value="0"/>
				<property name="Use_time" value="0"/>
				<property name="Sound_start" value="close_garbage"/>
				<property name="Create_item" value="bookAutoWeaponsDamage,bookAutoWeaponsUncontrolledBurst,bookAutoWeaponsMaintenance,bookAutoWeaponsDrumMag,bookAutoWeaponsRecoil,bookAutoWeaponsRagdoll,bookAutoWeaponsMachineGuns"/>
				<property name="Create_item_count" value="1,1,1,1,1,1,1"/>
			</property>
		</item>
		<item name="bookBundleUrbanCombat">
			<property name="CustomIcon" value="bookUrbanCombatLanding"/><property name="ItemTypeIcon" value="bundle"/>
			<property name="Extends" value="bookBundleFiremansAlmanac"/>
			<property class="Action0">
				<property name="Class" value="OpenBundle"/>
				<property name="Delay" value="0"/>
				<property name="Use_time" value="0"/>
				<property name="Sound_start" value="close_garbage"/>
				<property name="Create_item" value="bookUrbanCombatLanding,bookUrbanCombatControlledBreathing,bookUrbanCombatSneaking,bookUrbanCombatJumping,bookUrbanCombatLandMines,bookUrbanCombatAdrenalineRush,bookUrbanCombatRoomClearing"/>
				<property name="Create_item_count" value="1,1,1,1,1,1,1"/>
			</property>
		</item>
		<!--
		<item name="bookBundleArcticSurvival">
			<property name="CustomIcon" value="schematicMaster"/><property name="ItemTypeIcon" value="bundle"/>
			<property name="Extends" value="bookBundleFiremansAlmanac"/>
			<property class="Action0">
				<property name="Class" value="OpenBundle"/>
				<property name="Delay" value="0"/>
				<property name="Use_time" value="0"/>
				<property name="Sound_start" value="close_garbage"/>
				<property name="Create_item" value="bookArcticSurvivalCold,bookArcticSurvivalStews,bookArcticSurvivalSnowShoes,bookArcticSurvivalIce,bookArcticSurvivalSnowZombies,bookArcticSurvivalForage"/>
				<property name="Create_item_count" value="1,1,1,1,1,1"/>
			</property>
		</item>
		-->

		<item name="startSuitcase">
			<property name="CustomIcon" value="cntSuitcase"/><property name="ItemTypeIcon" value="bundle"/>
			<property name="DescriptionKey" value="startSuitcaseDesc"/>
			<property name="HoldType" value="45"/>
			<property name="Meshfile" value="#Other/Items?Misc/sackPrefab.prefab"/>
			<property name="DropMeshfile" value="#Other/Items?Misc/sack_droppedPrefab.prefab"/>
			<property name="Material" value="Mcloth"/>
			<property name="Stacknumber" value="5"/> <!-- STK ammobundle -->
			<property name="Weight" value="0"/>
			<property name="EconomicValue" value="100"/>
			<property name="Group" value="Basics"/>
			<property class="Action0">
				<property name="Class" value="OpenBundle"/>
				<property name="Delay" value="0"/>
				<property name="Use_time" value="0"/>
				<property name="Sound_start" value="close_garbage"/>
				<property name="Create_item" value="drinkJarPureMineralWater,foodCanChili,medicalFirstAidBandage,casinoCoin, ammo9mmBulletBall"/>
				<property name="Create_item_count" value="2,3,5,2000,30"/>
			</property>
		</item>


		<item name="christmasPack">
			<property name="CustomIcon" value="cntSuitcase"/><property name="ItemTypeIcon" value="bundle"/><property name="CustomIconTint" value="ffb0b0"/>
			<property name="DescriptionKey" value="christmasPackDesc"/>
			<property name="HoldType" value="45"/>
			<property name="Meshfile" value="#Other/Items?Misc/sackPrefab.prefab"/>
			<property name="DropMeshfile" value="#Other/Items?Misc/sack_droppedPrefab.prefab"/>
			<property name="Material" value="Mcloth"/>
			<property name="Stacknumber" value="5"/> <!-- STK ammobundle -->
			<property name="Weight" value="0"/>
			<property name="EconomicValue" value="100"/>
			<property name="Group" value="Basics"/>
			<property class="Action0">
				<property name="Class" value="OpenBundle"/>
				<property name="Delay" value="0"/>
				<property name="Use_time" value="0"/>
				<property name="Sound_start" value="close_garbage"/>
				<property name="Create_item" value="armorSantaHat,meleeToolKnifeCandy,meleeClubCandy,candle,lanternLight_player,thrownAmmoMolotovCocktail,resourceCoal"/>
				<property name="Create_item_count" value="1,1,1,12,1,4,100"/>
			</property>
		</item>






	</append>
</configs>
