<loadingscreen>

<!-- #region Add Pictures -->


    <append xpath="/doc/backgrounds">
			
		<tex file="@https://raw.githubusercontent.com/vaido-world/7daystodie-dedicated-server/master/server_modlets/image.png" />

	    <!--    <tex file="GUI/loading_screen_1" />-->

		<!--
		<tex file="@https://raw.githubusercontent.com/vaido-world/7daystodie-dedicated-server/master/server_modlets/image.png" />
        -->
		
		<!--
		<texture name="TEETX" depth="0" size="408,1080" pos="-150,550" texture="@https://raw.githubusercontent.com/vaido-world/7daystodie-dedicated-server/master/server_modlets/image.png" material="Materials/Transparent Colored" />
		 -->
    </append>


	<remove xpath="/doc/backgrounds/tex[@file='GUI/loading_screen_1']" />
	<remove xpath="/doc/backgrounds/tex[@file='GUI/loading_screen_2']" />
	<remove xpath="/doc/backgrounds/tex[@file='GUI/loading_screen_3']" />
	<remove xpath="/doc/backgrounds/tex[@file='GUI/loading_screen_4']" />


	
	
	<!-- <remove xpath="doc/backgrounds" />-->
	
	
	
<!--

    <append xpath="doc/backgrounds">
        <tex file="@modfolder:/Config/bgs/1.jpg" />
        <tex file="@modfolder:/Config/bgs/2.jpg" />
        <tex file="@modfolder:/Config/bgs/3.jpg" />
        <tex file="@modfolder:/Config/bgs/4.jpg" />
        <tex file="@modfolder:/Config/bgs/5.jpg" />
        <tex file="@modfolder:/Config/bgs/6.jpg" />
        <tex file="@modfolder:/Config/bgs/7.jpg" />
        <tex file="@modfolder:/Config/bgs/8.jpg" />
    </append>
 -->
 
<!-- #endregion -->
	
</loadingscreen>