<?xml version="1.0" encoding="utf-8"?>

<configs>

	<!-- For Future Version
	<set xpath="/entitygroups/entitygroup[contains(@name,'feralHordeStage')]/entity[@name='animalZombieDog']/@name">BM_animalZombieDog</set>
	<set xpath="/entitygroups/entitygroup[contains(@name,'feralHordeStage')]/entity[@name='animalZombieVulture']/@name">BM_animalZombieVulture</set>
	<set xpath="/entitygroups/entitygroup[contains(@name,'feralHordeStage')]/entity[@name='animalZombieVultureRadiated']/@name">BM_animalZombieVultureRadiated</set>
	-->
	<set xpath="/entitygroups/entitygroup[contains(@name,'feralHordeStage')]/entity[@name='zombieArlene']/@name">BM_zombieArlene</set>
	<set xpath="/entitygroups/entitygroup[contains(@name,'feralHordeStage')]/entity[@name='zombieArleneFeral']/@name">BM_zombieArleneFeral</set>
	<set xpath="/entitygroups/entitygroup[contains(@name,'feralHordeStage')]/entity[@name='zombieArleneRadiated']/@name">BM_zombieArleneRadiated</set>	
	<!-- No Normal/Feral zombieBiker in vanilla BM hordes -->
	<set xpath="/entitygroups/entitygroup[contains(@name,'feralHordeStage')]/entity[@name='zombieBikerRadiated']/@name">BM_zombieBikerRadiated</set>
	<set xpath="/entitygroups/entitygroup[contains(@name,'feralHordeStage')]/entity[@name='zombieBoe']/@name">BM_zombieBoe</set>
	<set xpath="/entitygroups/entitygroup[contains(@name,'feralHordeStage')]/entity[@name='zombieBoeFeral']/@name">BM_zombieBoeFeral</set>
	<set xpath="/entitygroups/entitygroup[contains(@name,'feralHordeStage')]/entity[@name='zombieBoeRadiated']/@name">BM_zombieBoeRadiated</set>
	<!-- No Normal zombieBurnt in vanilla BM hordes & No Feral/Radidated zombieBurnt -->
	<set xpath="/entitygroups/entitygroup[contains(@name,'feralHordeStage')]/entity[@name='zombieBusinessMan']/@name">BM_zombieBusinessMan</set>
	<set xpath="/entitygroups/entitygroup[contains(@name,'feralHordeStage')]/entity[@name='zombieBusinessManFeral']/@name">BM_zombieBusinessManFeral</set>
	<!-- No Radidated zombieBusinessMan -->
	<!-- No Normal/Feral zombieCheerleader in vanilla BM hordes -->
	<set xpath="/entitygroups/entitygroup[contains(@name,'feralHordeStage')]/entity[@name='zombieCheerleaderRadiated']/@name">BM_zombieCheerleaderRadiated</set>
	<set xpath="/entitygroups/entitygroup[contains(@name,'feralHordeStage')]/entity[@name='zombieDarlene']/@name">BM_zombieDarlene</set>
	<set xpath="/entitygroups/entitygroup[contains(@name,'feralHordeStage')]/entity[@name='zombieDarleneFeral']/@name">BM_zombieDarleneFeral</set>	
	<set xpath="/entitygroups/entitygroup[contains(@name,'feralHordeStage')]/entity[@name='zombieDarleneRadiated']/@name">BM_zombieDarleneRadiated</set>
	<set xpath="/entitygroups/entitygroup[contains(@name,'feralHordeStage')]/entity[@name='zombieDemolition']/@name">BM_zombieDemolition</set>
	<!-- No Feral/Radidated zombieDemolition -->
	<set xpath="/entitygroups/entitygroup[contains(@name,'feralHordeStage')]/entity[@name='zombieFatCop']/@name">BM_zombieFatCop</set>
	<set xpath="/entitygroups/entitygroup[contains(@name,'feralHordeStage')]/entity[@name='zombieFatCopFeral']/@name">BM_zombieFatCopFeral</set>
	<set xpath="/entitygroups/entitygroup[contains(@name,'feralHordeStage')]/entity[@name='zombieFatCopRadiated']/@name">BM_zombieFatCopRadiated</set>
	<!-- No Normal/Feral zombieFarmer in vanilla BM hordes & No Radidated zombieFarmer -->
	<!-- No Normal/Feral zombieFatHawaiian in vanilla BM hordes & No Radidated zombieFatHawaiian -->
	<set xpath="/entitygroups/entitygroup[contains(@name,'feralHordeStage')]/entity[@name='zombieFemaleFat']/@name">BM_zombieFemaleFat</set>	
	<set xpath="/entitygroups/entitygroup[contains(@name,'feralHordeStage')]/entity[@name='zombieFemaleFatFeral']/@name">BM_zombieFemaleFatFeral</set>	
	<set xpath="/entitygroups/entitygroup[contains(@name,'feralHordeStage')]/entity[@name='zombieFemaleFatRadiated']/@name">BM_zombieFemaleFatRadiated</set>	
	<set xpath="/entitygroups/entitygroup[contains(@name,'feralHordeStage')]/entity[@name='zombieJoe']/@name">BM_zombieJoe</set>	
	<set xpath="/entitygroups/entitygroup[contains(@name,'feralHordeStage')]/entity[@name='zombieJoeFeral']/@name">BM_zombieJoeFeral</set>	
	<set xpath="/entitygroups/entitygroup[contains(@name,'feralHordeStage')]/entity[@name='zombieJoeRadiated']/@name">BM_zombieJoeRadiated</set>
	<!-- No zombieMaleHazmat in vanilla BM hordes & No Feral/Radidated zombieMaleHazmat -->	
	<set xpath="/entitygroups/entitygroup[contains(@name,'feralHordeStage')]/entity[@name='zombieMarlene']/@name">BM_zombieMarlene</set>	
	<set xpath="/entitygroups/entitygroup[contains(@name,'feralHordeStage')]/entity[@name='zombieMarleneFeral']/@name">BM_zombieMarleneFeral</set>	
	<set xpath="/entitygroups/entitygroup[contains(@name,'feralHordeStage')]/entity[@name='zombieMarleneRadiated']/@name">BM_zombieMarleneRadiated</set>
	<set xpath="/entitygroups/entitygroup[contains(@name,'feralHordeStage')]/entity[@name='zombieMoe']/@name">BM_zombieMoe</set>	
	<set xpath="/entitygroups/entitygroup[contains(@name,'feralHordeStage')]/entity[@name='zombieMoeFeral']/@name">BM_zombieMoeFeral</set>	
	<set xpath="/entitygroups/entitygroup[contains(@name,'feralHordeStage')]/entity[@name='zombieMoeRadiated']/@name">BM_zombieMoeRadiated</set>	
	<set xpath="/entitygroups/entitygroup[contains(@name,'feralHordeStage')]/entity[@name='zombieNurse']/@name">BM_zombieNurse</set>	
	<set xpath="/entitygroups/entitygroup[contains(@name,'feralHordeStage')]/entity[@name='zombieNurseFeral']/@name">BM_zombieNurseFeral</set>
	<!-- No Radidated zombieNurse -->			
	<!-- No Normal/Feral zombieOldTimer in vanilla BM hordes -->	
	<set xpath="/entitygroups/entitygroup[contains(@name,'feralHordeStage')]/entity[@name='zombieOldTimerRadiated']/@name">BM_zombieOldTimerRadiated</set>	
	<set xpath="/entitygroups/entitygroup[contains(@name,'feralHordeStage')]/entity[@name='zombieSkateboarder']/@name">BM_zombieSkateboarder</set>
	<set xpath="/entitygroups/entitygroup[contains(@name,'feralHordeStage')]/entity[@name='zombieSkateboarderFeral']/@name">BM_zombieSkateboarderFeral</set>	
	<set xpath="/entitygroups/entitygroup[contains(@name,'feralHordeStage')]/entity[@name='zombieSkateboarderRadiated']/@name">BM_zombieSkateboarderRadiated</set>	
	<set xpath="/entitygroups/entitygroup[contains(@name,'feralHordeStage')]/entity[@name='zombieSpider']/@name">BM_zombieSpider</set>
	<set xpath="/entitygroups/entitygroup[contains(@name,'feralHordeStage')]/entity[@name='zombieSpiderFeral']/@name">BM_zombieSpiderFeral</set>	
	<set xpath="/entitygroups/entitygroup[contains(@name,'feralHordeStage')]/entity[@name='zombieSpiderRadiated']/@name">BM_zombieSpiderRadiated</set>
	<set xpath="/entitygroups/entitygroup[contains(@name,'feralHordeStage')]/entity[@name='zombieSoldier']/@name">BM_zombieSoldier</set>
	<!-- No Feral zombieSoldier in vanilla BM hordes -->	
	<set xpath="/entitygroups/entitygroup[contains(@name,'feralHordeStage')]/entity[@name='zombieSoldierRadiated']/@name">BM_zombieSoldierRadiated</set>	
	<set xpath="/entitygroups/entitygroup[contains(@name,'feralHordeStage')]/entity[@name='zombieSteve']/@name">BM_zombieSteve</set>
	<set xpath="/entitygroups/entitygroup[contains(@name,'feralHordeStage')]/entity[@name='zombieSteveFeral']/@name">BM_zombieSteveFeral</set>	
	<set xpath="/entitygroups/entitygroup[contains(@name,'feralHordeStage')]/entity[@name='zombieSteveRadiated']/@name">BM_zombieSteveRadiated</set>
	<!-- No zombieStripper/zombieStripperFerals in vanilla BM hordes & No Radidated zombieStripper -->		
	<set xpath="/entitygroups/entitygroup[contains(@name,'feralHordeStage')]/entity[@name='zombieUtilityWorker']/@name">BM_zombieUtilityWorker</set>
	<set xpath="/entitygroups/entitygroup[contains(@name,'feralHordeStage')]/entity[@name='zombieUtilityWorkerFeral']/@name">BM_zombieUtilityWorkerFeral</set>
	<!-- No Radidated zombieUtilityWorker -->
	<set xpath="/entitygroups/entitygroup[contains(@name,'feralHordeStage')]/entity[@name='zombieYo']/@name">BM_zombieYo</set>	
	<set xpath="/entitygroups/entitygroup[contains(@name,'feralHordeStage')]/entity[@name='zombieYoFeral']/@name">BM_zombieYoFeral</set>	
	<set xpath="/entitygroups/entitygroup[contains(@name,'feralHordeStage')]/entity[@name='zombieYoRadiated']/@name">BM_zombieYoRadiated</set>
	<!-- No Normal zombieWight -->
	<set xpath="/entitygroups/entitygroup[contains(@name,'feralHordeStage')]/entity[@name='zombieWightFeral']/@name">BM_zombieWightFeral</set>
	<set xpath="/entitygroups/entitygroup[contains(@name,'feralHordeStage')]/entity[@name='zombieWightRadiated']/@name">BM_zombieWightRadiated</set>	
	
</configs>

