<configs>

 	<append xpath="/quests">
		
		<quest id="challenge_bloodmoonvanguard">

			<property name="name_key" value="challenge_bloodmoonvanguard"/>
			<property name="subtitle_key" value="challenge_bloodmoonvanguard_subtitle"/>
			<property name="description_key" value="challenge_bloodmoonvanguard_description"/>
			<property name="icon" value="ui_game_symbol_zombie"/>
			<property name="category_key" value="quest"/>
			<property name="repeatable" value="true"/>
			<property name="difficulty" value="hard"/>
			<property name="offer_key" value="challenge_bloodmoonvanguard_description"/>

			<action type="ShowTip" value="BloodmoonVanguardTip">
				<property name="delay" value="15"/>
			</action>
			
			<objective type="ZombieKill" id="BM_zombieArlene,BM_zombieArleneFeral,BM_zombieArleneRadiated,BM_zombieBikerRadiated,BM_zombieBoe,BM_zombieBoeFeral,BM_zombieBoeRadiated,BM_zombieBusinessMan,BM_zombieBusinessManFeral,BM_zombieCheerleaderRadiated,BM_zombieDarlene,BM_zombieDarleneFeral,BM_zombieDarleneRadiated,BM_zombieDemolition,BM_zombieFatCop,BM_zombieFatCopFeral,BM_zombieFatCopRadiated,BM_zombieFemaleFat,BM_zombieFemaleFatFeral,BM_zombieFemaleFatRadiated,BM_zombieJoe,BM_zombieJoeFeral,BM_zombieJoeRadiated,BM_zombieMarlene,BM_zombieMarleneFeral,BM_zombieMarleneRadiated,BM_zombieMoe,BM_zombieMoeFeral,BM_zombieMoeRadiated,BM_zombieNurse,BM_zombieNurseFeral,BM_zombieOldTimerRadiated,BM_zombieSkateboarder,BM_zombieSkateboarderFeral,BM_zombieSkateboarderRadiated,BM_zombieSpider,BM_zombieSpiderFeral,BM_zombieSpiderRadiated,BM_zombieSoldier,BM_zombieSoldierRadiated,BM_zombieSteve,BM_zombieSteveFeral,BM_zombieSteveRadiated,BM_zombieUtilityWorker,BM_zombieUtilityWorkerFeral,BM_zombieYo,_BM_zombieYoFeral,BM_zombieYoRadiated,BM_zombieWightFeral,BM_zombieWightRadiated" value="100" phase="1"/>
			
			<!-- Rewards -->
			<reward type="Quest" id="challenge_bloodmoonvanguard">
				<property name="chainquest" value="false"/>
			</reward>
			<reward type="SkillPoints" value="1"/>

		</quest>
	
	</append>	

	<!-- Quest is given to player after completing basic survival questline 8/8 -->
	<insertAfter xpath="/quests/quest[@id='quest_whiteRiverCitizen1']/reward[@type='Exp']" >
		<reward type="Quest" id="challenge_bloodmoonvanguard">
			<property name="chainquest" value="false"/>
		</reward>
	</insertAfter>

</configs>