﻿<?xml version="1.0" encoding="UTF-8"?>
<prefab>
  <property name="CopyAirBlocks" value="True" />
  <property name="ExcludeDistantPOIMesh" value="False" />
  <property name="ExcludePOICulling" value="False" />
  <property name="YOffset" value="-1" />
  <property name="DistantPOIYOffset" value="-1" />
  <property name="AllowTopSoilDecorations" value="False" />
  <property name="DifficultyTier" value="1" />
  <property name="TraderArea" value="False" />
  <property name="RotationToFaceNorth" value="2" />
  <property class="IndexedBlockOffsets">
    <property class="TraderOnOff">
      <property name="0" value="17, 20, 25" />
      <property name="1" value="17, 25, 25" />
      <property name="2" value="17, 28, 27" />
    </property>
  </property>
  <property class="Stats">
    <property name="TotalVertices" value="190829" />
    <property name="TotalTriangles" value="166009" />
    <property class="BlockEntities">
      <property name="Vertices" value="130145" />
      <property name="Triangles" value="126746" />
    </property>
    <property class="ChunkMeshes0">
      <property name="Vertices" value="53881" />
      <property name="Triangles" value="32316" />
    </property>
    <property class="ChunkMeshes1">
      <property name="Vertices" value="0" />
      <property name="Triangles" value="0" />
    </property>
    <property class="ChunkMeshes2">
      <property name="Vertices" value="0" />
      <property name="Triangles" value="0" />
    </property>
    <property class="ChunkMeshes3">
      <property name="Vertices" value="0" />
      <property name="Triangles" value="0" />
    </property>
    <property class="ChunkMeshes4">
      <property name="Vertices" value="3367" />
      <property name="Triangles" value="1771" />
    </property>
    <property class="ChunkMeshes5">
      <property name="Vertices" value="0" />
      <property name="Triangles" value="0" />
    </property>
    <property class="ChunkMeshes6">
      <property name="Vertices" value="0" />
      <property name="Triangles" value="0" />
    </property>
    <property class="ChunkMeshes7">
      <property name="Vertices" value="3436" />
      <property name="Triangles" value="5176" />
    </property>
    <property class="ChunkMeshes8">
      <property name="Vertices" value="0" />
      <property name="Triangles" value="0" />
    </property>
    <property class="ChunkMeshes9">
      <property name="Vertices" value="0" />
      <property name="Triangles" value="0" />
    </property>
  </property>
</prefab>