<configs>

<!-- 	// In-game Menu -->

		<remove xpath="/windows/window[@name='ingameMenu']" />

		<append xpath="/windows">
			<window name="ingameMenu" anchor="LeftTop" pos="20,-20" width="250" height="200" controller="InGameMenuWindow" cursor_area="true">
		<!--
				<panel name="content" pos="0,0" height="200" depth="1" pivot="center" disableautobackground="true" >
					<sprite depth="2" name="border" sprite="menu_empty3px" pos="0,0" height="200" color="[black]" type="sliced" fillcenter="false" globalopacity="true" globalopacitymod="0.9" />
					<sprite depth="1" name="backgroundMain" sprite="menu_empty3px" pos="2,-2" height="196" width="246" color="[darkGrey]" type="sliced" fillcenter="true" globalopacity="true" globalopacitymod="0.65" />
		 -->
					<grid name="buttons" pos="0, -0" cols="1" width="250" cell_width="250" cell_height="56" arrangement="vertical" repeat_content="false" >
						<simplebutton name="btnInvite" depth="3" width="250" height="46" caption_key="xuiMenuInvite" font_size="40" />
						<simplebutton name="btnOptions" depth="3" width="250" height="46" caption_key="xuiMenuOptions" font_size="40" />
						<simplebutton name="btnHelp" depth="3" width="250" height="46" caption_key="xuiMenuHelp" font_size="40" />
						<simplebutton name="btnSave" depth="3" width="250" height="46" caption_key="xuiMenuSave" font_size="40" />
						<simplebutton name="btnExit" depth="3" width="250" height="46" caption_key="xuiMenuExit" font_size="40" />
			
						<!--
						<rect name="${name}" depth="${depth|3}" pos="${pos|0,0}" width="${width|200}" height="${height|32}" enabled_font_color="${enabled_font_color|[labelColor]}" disabled_font_color="${disabled_font_color|[disabledLabelColor]}" controller="SimpleButton" visible="${visible|true}" button_enabled="${enabled|true}">
							<sprite depth="1" name="border" sprite="${bordersprite|menu_empty2px}" pos="0,${Round(-height/2,0)|-16}" color="${bordercolor|[black]}" type="sliced" fillcenter="false" foregroundlayer="true" pivot="${pivot|left}" />
							<button name="clickable" pos="0,${Round(-height/2,0)|-16}" sprite="${defaultsprite|menu_empty}" defaultcolor="${defaultcolor|[mediumGrey]}" disabledcolor="[darkGrey]" hoversprite="${hoversprite|ui_game_select_row}" hovercolor="${hovercolor|[white]}" selectedsprite="${selectedsprite|ui_game_select_row}" selectedcolor="${selectedcolor|[mediumGrey]}" foregroundlayer="${foregroundlayer|true}" type="sliced" hoverscale="1.0" pivot="${pivot|left}" tooltip_key="${tooltip_key|}" sound_play_on_hover="[default_hover]" sound="${sound|[default_click]}" />
							<label depth="2" name="btnLabel" width="${width|200}" height="${height-2|30}" pos="0,${Round(-height/2,0)|-16}" justify="${justify|center}" text="${caption|}" text_key="${caption_key|}" effect="outline" pivot="${pivot|left}" font_size="${font_size|28}" upper_case="${upper_case|false}" parse_actions="${parse_actions|false}" />
						</rect>
						--> 
						<!--
						<rect controller="ServerInfo"><label name="ServerDescription" />
							<label depth="3" width="547" height="32" name="ServerWebsiteURL" text="http://google.com"  style="press, hover" font_size="30" upper_case="false" />
						</rect>
						-->
						
				<grid name="buttons" pos="0, 0" cols="1" width="250" cell_width="250" cell_height="56" arrangement="vertical" repeat_content="false" >
							<rect >
							<label name="InformationAboutServer" depth="3" text="&#10; [FFFFFF][Server Information] " font_size="18" color="[menuElementsLBLPri]" crispness="Never" effect="outline" effect_distance="1,1" upper_case="true" />
							<texture name="Server Logo" depth="3" size="22,25" pos="170, -17" texture="@https://github.com/vaido-world/7daystodie-dedicated-server/raw/master/%5Boldgarbage%5D/npp1.png" material="Materials/Transparent Colored" />
							</rect>
							<label name="InformationAboutServer" depth="3" text="[03F1F5]PVPE Open Free Community server [350XP][300%Loot] &#10; Server IP: 7dtd.vaido.world &#10;" font_size="18" color="[menuElementsLBLPri]" crispness="Never" effect="outline" effect_distance="1,1" upper_case="true" justify="center" />
							<rect justify="center" controller="ServerInfo"><label name="ServerDescription" />
								<label justify="center" depth="3" name="ServerWebsiteURL" text="http://7days.vaido.world"  style="press, hover" font_size="18" upper_case="false" />
							</rect>
							<label name="InformationAboutServer" depth="3" text="Server Website" font_size="18" color="[menuElementsLBLPri]" crispness="Never" effect="outline" effect_distance="1,1" upper_case="true" justify="center" />

				
						
						</grid>
					
				        <!--
						<rect controller="ServerInfo"><label name="ServerDescription" />
							<label depth="3" width="547" height="32" name="ServerWebsiteURL" text="http://signtogithub.com"  style="press, hover" font_size="30" upper_case="false" />
							
						</rect>
						-->
						
						
						<!--
						<rect name="serverinfo" controller="ServerInfo">
							<label depth="6" pos="10,-200" width="547" height="32" name="ServerWebsiteURL" text="http://7days.vaido.world" justify="center" style="press, hover" font_size="30" pivot="topleft" upper_case="false" />
							<label depth="6" pos="10,0" width="547" height="200" name="ServerDescription" justify="center" font_size="32" pivot="topleft" upper_case="false" />
						</rect>
						
						-->
						
						<simplebutton name="btnExportPrefab" depth="3" width="250" height="46" caption_key="xuiMenuExportPrefab" font_size="40" />
						<simplebutton name="btnTpPoi" depth="3" width="250" height="46" caption_key="xuiMenuTeleportPoiButton" font_size="40" />

					</grid>
				<!-- </panel> -->
			</window>
		</append>

</configs>