<configs>
	<append xpath="/windows/window[@name='ingameMenu']">
		<grid name="buttons" pos="300, -30" cols="1" width="400" cell_width="400" cell_height="46" arrangement="vertical" repeat_content="false" >
			
			<label text="[FFFFFF][Server Information]" name="ESCAboutServer1" depth="3"  font_size="20" color="[menuElementsLBLPri]" crispness="Never" effect="outline" effect_color="[black]" effect_distance="1,1" upper_case="true" justify="center" />

			<label text="[e0ccbd]Server Name:[FFFFFF] 7 Days To Die Vanilla Public Server" name="ESCAboutServer1" depth="3"  font_size="20" color="[menuElementsLBLPri]" crispness="Never" effect="outline" effect_color="[black]" effect_distance="1,1" upper_case="true" justify="left" />

			<label text="[e0ccbd]Server IP:[FFFFFF] 51.178.20.227      [e0ccbd]Port:[FFFFFF] 62550" name="ESCAboutServer1" depth="3"  font_size="20" color="[menuElementsLBLPri]" crispness="Never" effect="outline" effect_color="[black]" effect_distance="1,1" upper_case="true" justify="left" />
			<label text="[e0ccbd]Server Description:[FFFFFF] Basic Vanilla Public Server." name="ESCAboutServer1" depth="3"  font_size="20" color="[menuElementsLBLPri]" crispness="Never" effect="outline" effect_color="[black]" effect_distance="1,1" upper_case="true" justify="left" />
			<label text="[FFFFFF] For more information and to stay connected join the [b9b9b9]Steam Group[FFFFFF]." name="ESCAboutServer1" depth="3"  font_size="20" color="[menuElementsLBLPri]" crispness="Never" effect="outline" effect_color="[black]" effect_distance="1,1" upper_case="true" justify="left" />
			<label text="[FFFFFF]~SERVER OWNER BoQsc" name="ESCAboutServer1" depth="3"  font_size="20" color="[menuElementsLBLPri]" crispness="Never" effect="outline" effect_color="[black]" effect_distance="1,1" upper_case="false" justify="right" />

			
			<!--
			<label text="[03F1F5]PVE Open Free Community server [1000XP][300%Loot] &#10; Server IP: 7days.vaido.world" name="ESCAboutServer2" depth="3"  font_size="18" color="[menuElementsLBLPri]" crispness="Never" effect="outline" effect_distance="1,1" upper_case="true" justify="center" />
			<label text="Server Website: http://7days.vaido.world" name="ESCAboutServer3" depth="3"  font_size="18" color="[menuElementsLBLPri]" crispness="Never" effect="outline" effect_distance="1,1" upper_case="true" justify="center" />
			-->
		</grid>
	</append>
</configs>