<configs>
	
	<append xpath="/blocks">

		<block name="quest_cntDuffle01"> <!-- Container for quest items -->
			<property name="Extends" value="cntDuffle01"/>
			<property name="LootList" value="1000"/>
		</block>

		<block name="quest_terrBedrock"> <!-- Indestrucable floating block that trader entity will stand on -->
			<property name="Extends" value="woodBlock"/>
			<property name="Material" value="Mbedrock"/>			
			<property name="StabilityIgnore" value="true"/>
			<property name="StabilitySupport" value="false"/>
		</block> 
		
		<block name="quest_TraderSpawn"> <!-- Derived from the vanilla spawnTrader block -->
			<property name="Extends" value="air"/>
			<property name="CreativeMode" value="None"/>
			<property name="Class" value="SpawnEntity"/>
			<property name="SpawnClass" value="npcTraderJoel"/>
			<property name="IndexName" value="Trader"/>
		</block>		
		
		<block name="quest_TraderBlock"> <!-- Quest item given to player to place down where trader entity will spawn -->
			<property name="CreativeMode" value="Dev"/>
			<property name="Extends" value="woodBlock"/>
			<property name="CustomIcon" value="woodBlock"/>
			<property name="DescriptionKey" value="quest_TraderBlockDesc"/>			
			<property name="Class" value="PlantGrowing"/>
			<property name="PlantGrowing.Next" value="quest_TraderNext"/>
			<property name="PlantGrowing.GrowOnTop" value="quest_TraderSpawn"/>
			<property name="PlantGrowing.GrowthRate" value="0.0001"/>
			<property name="PlantGrowing.FertileLevel" value="41"/>
			<property name="PlantGrowing.IsRandom" value="false"/>
			<property name="PlantGrowing.LightLevelGrow" value="0"/>
			<property name="PlantGrowing.LightLevelStay" value="0"/>
			<property name="PlantGrowing.IsGrowOnTopEnabled" value="true"/>
			<drop event="Destroy" count="0"/>
		</block>
		<block name="quest_TraderNext">
			<property name="CreativeMode" value="None"/>
			<property name="Extends" value="quest_TraderBlock"/>
			<property name="PlantGrowing.Next" value="quest_TraderEnd"/>
			<property name="PlantGrowing.IsGrowOnTopEnabled" value="false"/>
			<property name="PlantGrowing.IsRandom" value="false"/>
			<property name="PlantGrowing.GrowthRate" value="0.25"/>
		</block>
		 
		<block name="quest_TraderEnd">
			<property name="CreativeMode" value="None"/>
			<property name="Extends" value="quest_TraderBlock"/>
			<!-- <property name="MultiBlockDim" value="1,3,1"/> -->
			<property name="PlantGrowing.Next" value="quest_terrBedrock"/>
			<property name="PlantGrowing.GrowthRate" value="0.0001"/>
			<property name="PlantGrowing.IsRandom" value="false"/>
			<property name="PlantGrowing.IsGrowOnTopEnabled" value="false"/>
		</block> 
		
		<block name="quest_terrAsphalt"> <!-- Required terrain in order to place blocks "quest_woodCatwalkRailing1", "quest_woodPillar100", and "quest_woodPoleSupportCtr" -->
			<property name="Extends" value="terrAsphalt"/>
			<property name="CustomIcon" value="terrAsphalt"/>
			<property name="CreativeMode" value="Dev"/>
			<property name="Material" value="quest_terrain"/>
			<property name="CanMobsSpawnOn" value="false"/>
		</block>

		<block name="quest_woodCatwalkRailing1"> <!-- Quest item given/crafted to/by player to place on required blocks -->
			<property name="Extends" value="woodCatwalkRailing1"/>
			<property name="CustomIcon" value="woodCatwalkRailing1"/>
			<property name="CreativeMode" value="Dev"/>
			<property name="DescriptionKey" value="quest_woodCatwalkRailing1Desc"/>				
			<property name="Material" value="quest_woodBlock"/>
			<property name="MaxDamage" value="400"/>
			<property name="Class" value="PlantGrowing"/>
			<property name="PlantGrowing.Next" value="quest_woodCatwalkRailing1"/>
			<property name="PlantGrowing.GrowthRate" value="2.0"/> <!-- setting 1 is erratic. Recommend 2+ for testing or use -->
			<property name="PlantGrowing.FertileLevel" value="31"/>
			<property name="PlantGrowing.IsRandom" value="false"/>
		</block>

		<block name="quest_woodPillar100"> <!-- Quest item given/crafted to/by player to place on required blocks -->
			<property name="Extends" value="woodPillar100"/>
			<property name="CustomIcon" value="woodPillar100"/>
			<property name="CreativeMode" value="Dev"/>
			<property name="DescriptionKey" value="quest_woodPillar100Desc"/>				
			<property name="Material" value="quest_woodBlock"/>
			<property name="MaxDamage" value="225"/>
			<property name="Class" value="PlantGrowing"/>
			<property name="PlantGrowing.Next" value="quest_woodPillar100"/>
			<property name="PlantGrowing.GrowthRate" value="2.0"/> <!-- setting 1 is erratic. Recommend 2+ for testing or use -->
			<property name="PlantGrowing.FertileLevel" value="31"/>
			<property name="PlantGrowing.IsRandom" value="false"/>
		</block>

		<block name="quest_woodPlate"> <!-- Required block in order to place the block "quest_TraderBlock" -->
			<property name="Extends" value="woodPlate"/>
			<property name="CustomIcon" value="woodPlate"/>
			<property name="CreativeMode" value="Dev"/>			
			<property name="Material" value="quest_woodBlock_TraderBlockOnly"/>
			<property name="MaxDamage" value="1000"/>
			<property name="CanMobsSpawnOn" value="false"/>
		</block>

		<block name="quest_woodPoleSupportCtr"> <!-- Quest item given/crafted to/by player to place on required blocks -->
			<property name="Extends" value="woodPoleSupportCtr"/>
			<property name="CustomIcon" value="woodPoleSupportCtr"/>
			<property name="CreativeMode" value="Dev"/>
			<property name="DescriptionKey" value="quest_woodPoleSupportCtrDesc"/>	
			<property name="Material" value="quest_woodBlock"/>
			<property name="MaxDamage" value="400"/>
			<property name="Class" value="PlantGrowing"/>
			<property name="PlantGrowing.Next" value="quest_woodPoleSupportCtr"/>
			<property name="PlantGrowing.GrowthRate" value="2.0"/> <!-- setting 1 is erratic. Recommend 2+ for testing or use -->
			<property name="PlantGrowing.FertileLevel" value="31"/>
			<property name="PlantGrowing.IsRandom" value="false"/>
		</block>
		
	</append>
	
</configs>
