<configs>
 	<append xpath="/items">
		<!-- Adds the "Build Outpost" quest note -->
		<item name="start_buildoutpostJoel">
			<property name="Extends" value="challengeQuestMaster"/>
			<property name="DescriptionKey" value="start_buildoutpostJoelDesc"/>
			<property name="CustomIcon" value="questMaster"/>
			<property class="Action0">
				<property name="UseAnimation" value="false"/>
				<property name="QuestGiven" value="quest_buildoutpostJoel01"/>
			</property>
		</item>
		
		<item name="quest_woodCatwalkRailing1Schematic">
			<property name="Extends" value="schematicNoQualityRecipeMaster"/>
			<property name="CreativeMode" value="Player"/>
			<property name="CustomIcon" value="woodCatwalkRailing1"/>
			<property name="DescriptionKey" value="quest_traderJoelOutpostSchematicDesc"/>
			<property name="Unlocks" value="quest_woodCatwalkRailing1"/>
			<effect_group tiered="false">
				<triggered_effect trigger="onSelfPrimaryActionEnd" action="ModifyCVar" cvar="quest_woodCatwalkRailing1" operation="set" value="1"/>
				<triggered_effect trigger="onSelfPrimaryActionEnd" action="GiveExp" exp="50"/>
			</effect_group>
		</item>

		<item name="quest_woodPillar100Schematic">
			<property name="Extends" value="schematicNoQualityRecipeMaster"/>
			<property name="CreativeMode" value="Player"/>
			<property name="CustomIcon" value="woodPillar100"/>
			<property name="DescriptionKey" value="quest_traderJoelOutpostSchematicDesc"/>
			<property name="Unlocks" value="quest_woodPillar100"/>
			<effect_group tiered="false">
				<triggered_effect trigger="onSelfPrimaryActionEnd" action="ModifyCVar" cvar="quest_woodPillar100" operation="set" value="1"/>
				<triggered_effect trigger="onSelfPrimaryActionEnd" action="GiveExp" exp="50"/>
			</effect_group>
		</item>
		
		<item name="quest_woodPoleSupportCtrSchematic">
			<property name="Extends" value="schematicNoQualityRecipeMaster"/>
			<property name="CreativeMode" value="Player"/>
			<property name="CustomIcon" value="woodPoleSupportCtr"/>
			<property name="DescriptionKey" value="quest_traderJoelOutpostSchematicDesc"/>
			<property name="Unlocks" value="quest_woodPoleSupportCtr"/>
			<effect_group tiered="false">
				<triggered_effect trigger="onSelfPrimaryActionEnd" action="ModifyCVar" cvar="quest_woodPoleSupportCtr" operation="set" value="1"/>
				<triggered_effect trigger="onSelfPrimaryActionEnd" action="GiveExp" exp="50"/>
			</effect_group>
		</item>
		
	</append>
</configs>