<configs>

	<append xpath="/lootcontainers">
			<lootgroup name="quest_buildoutpostJoel" count="all">
 				<item name="start_buildoutpostJoel" count="1"/>
				<item name="quest_woodCatwalkRailing1Schematic" count="1"/>
				<item name="quest_woodPillar100Schematic" count="1"/>
				<item name="quest_woodPoleSupportCtrSchematic" count="1"/>
				<!-- <item name="noteHospital"/> -->				
			</lootgroup>
	
			<lootcontainer id="1000" count="1" size="6,2" sound_open="UseActions/open_backpack" sound_close="UseActions/close_backpack" open_time="1.5" loot_quality_template="qualPrimitiveItemsTemplate">
				<item group="quest_buildoutpostJoel"/>
			</lootcontainer>
	</append>
	
</configs>
