<configs>
	
	<append xpath="/materials">
		
		<material id="quest_terrain"> <!-- Used by block "quest_terrAsphalt" -->
			<property name="Extends" value="Mconcrete"/>		
			<property name="fertile_level" value="32"/>
		</material>

		<material id="quest_woodBlock"> <!-- Used by blocks "quest_woodCatwalkRailing1", "quest_woodPillar100", and "quest_woodPoleSupportCtr" -->
			<property name="Extends" value="Mwood"/>
			<property name="fertile_level" value="32"/>
		</material>
		
		<material id="quest_woodBlock_TraderBlockOnly"> <!-- Used by block "quest_woodPlate" -->
			<property name="Extends" value="Mwood"/>
			<property name="fertile_level" value="42"/>
		</material>
	
	</append>
		
</configs>
