<configs>
 	<append xpath="/quests">
	
		<quest id="quest_buildoutpostJoel01">

			<property name="name_key" value="quest_buildoutpostJoel01"/>
			<property name="subtitle_key" value="quest_buildoutpostJoel01_subtitle"/>
			<property name="description_key" value="quest_buildoutpostJoel01_description"/>
			<property name="icon" value="ui_game_symbol_hammer"/>
			<property name="category_key" value="quest"/>
			<property name="repeatable" value="false"/>
			<property name="difficulty" value="hard"/>
			<property name="offer_key" value="quest_buildoutpostJoel01_offer"/>

			<action type="TrackQuest"/>			
			<action type="ShowTip" value="tutorialTip_buildoutpostJoel">
					<property name="delay" value="10"/>
			</action>

			<!-- Phase 1: Build and Fortify -->
			
			<objective type="Craft">
				<property name="phase" value="1"/>
				<property name="item" value="quest_woodPillar100"/>
				<property name="count" value="32"/>
			</objective>		
			<objective type="Craft">
				<property name="phase" value="1"/>
				<property name="item" value="quest_woodPoleSupportCtr"/>
				<property name="count" value="48"/>
			</objective>	
			<objective type="Craft">
				<property name="phase" value="1"/>
				<property name="item" value="quest_woodCatwalkRailing1"/>
				<property name="count" value="24"/>
			</objective>
			
			<objective type="BlockPlace" id="quest_woodPillar100" value="32" phase="1"/>
			<objective type="BlockPlace" id="quest_woodPoleSupportCtr" value="48" phase="1"/>
			<objective type="BlockPlace" id="quest_woodCatwalkRailing1" value="24" phase="1"/>
			
			<reward type="Exp" value="1000"/>
			<reward type="Quest" id="quest_buildoutpostJoel02"/>
			
		</quest>

		<quest id="quest_buildoutpostJoel02">

			<property name="name_key" value="quest_buildoutpostJoel02"/>
			<property name="subtitle_key" value="quest_buildoutpostJoel02_subtitle"/>
			<property name="description_key" value="quest_buildoutpostJoel02_description"/>
			<property name="icon" value="ui_game_symbol_hammer"/>
			<property name="category_key" value="quest"/>
			<property name="repeatable" value="false"/>
			<property name="difficulty" value="hard"/>
			<property name="offer_key" value="quest_buildoutpostJoel02_offer"/>
			<action type="TrackQuest"/>	

			<!-- Phase 1: Spawn Horde -->
			<action type="SpawnEnemy" id="zombieArlene,zombieBoe,zombieBusinessMan,zombieCheerleader,zombieDarlene,zombieFarmer,zombieJoe,zombieMarlene,zombieNurse,zombieOldTimer,zombieSkateboarder,zombieSteve,zombieStripper,zombieYo" value="10" phase="1"/>
			<action type="SpawnEnemy" id="zombieBiker,zombieFatHawaiian,zombieFemaleFat,zombieMoe" value="2" phase="1"/>

			<!-- Phase 2: Build and Fortify -->
			
			<objective type="Craft">
				<property name="phase" value="2"/>
				<property name="item" value="quest_woodPillar100"/>
				<property name="count" value="32"/>
			</objective>		
			<objective type="Craft">
				<property name="phase" value="2"/>
				<property name="item" value="quest_woodPoleSupportCtr"/>
				<property name="count" value="48"/>
			</objective>	
			<objective type="Craft">
				<property name="phase" value="2"/>
				<property name="item" value="quest_woodCatwalkRailing1"/>
				<property name="count" value="24"/>
			</objective>
			
			<objective type="BlockPlace" id="quest_woodPillar100" value="32" phase="2"/>
			<objective type="BlockPlace" id="quest_woodPoleSupportCtr" value="48" phase="2"/>
			<objective type="BlockPlace" id="quest_woodCatwalkRailing1" value="24" phase="2"/>
			
			<reward type="Exp" value="1000"/>
			<reward type="Quest" id="quest_buildoutpostJoel03"/>
						
		</quest>

		<quest id="quest_buildoutpostJoel03">

			<property name="name_key" value="quest_buildoutpostJoel03"/>
			<property name="subtitle_key" value="quest_buildoutpostJoel03_subtitle"/>
			<property name="description_key" value="quest_buildoutpostJoel03_description"/>
			<property name="icon" value="ui_game_symbol_hammer"/>
			<property name="category_key" value="quest"/>
			<property name="repeatable" value="false"/>
			<property name="difficulty" value="hard"/>
			<property name="offer_key" value="quest_buildoutpostJoel03_offer"/>
			<action type="TrackQuest"/>	

			<!-- Phase 1: Spawn Horde -->
			<action type="SpawnEnemy" id="animalWolf" value="6" phase="1"/>
			<action type="SpawnEnemy" id="animalDireWolf" value="2" phase="1"/>

			<!-- Phase 2: Build and Fortify -->
			<objective type="Craft">
				<property name="phase" value="1"/>
				<property name="item" value="quest_woodPillar100"/>
				<property name="count" value="32"/>
			</objective>		
			<objective type="Craft">
				<property name="phase" value="1"/>
				<property name="item" value="quest_woodPoleSupportCtr"/>
				<property name="count" value="48"/>
			</objective>	
			<objective type="Craft">
				<property name="phase" value="1"/>
				<property name="item" value="quest_woodCatwalkRailing1"/>
				<property name="count" value="24"/>
			</objective>
			
			<objective type="BlockPlace" id="quest_woodPillar100" value="32" phase="1"/>
			<objective type="BlockPlace" id="quest_woodPoleSupportCtr" value="48" phase="1"/>
			<objective type="BlockPlace" id="quest_woodCatwalkRailing1" value="24" phase="1"/>

			<reward type="Exp" value="1000"/>
			<reward type="Item" id="quest_TraderBlock"/>	
			<reward type="Quest" id="quest_buildoutpostJoel04"/>
						
		</quest>

		<quest id="quest_buildoutpostJoel04">

			<property name="name_key" value="quest_buildoutpostJoel04"/>
			<property name="subtitle_key" value="quest_buildoutpostJoel04_subtitle"/>
			<property name="description_key" value="quest_buildoutpostJoel04_description"/>
			<property name="icon" value="ui_game_symbol_hammer"/>
			<property name="category_key" value="quest"/>
			<property name="repeatable" value="false"/>
			<property name="difficulty" value="easy"/>
			<property name="offer_key" value="quest_buildoutpostJoel04_offer"/>
			<property name="completiontype" value="TurnIn"/>
			<property name="completion_key" value="quest_buildoutpostJoel04_completion"/>
			<action type="TrackQuest"/>	

			<!-- Phase 1: Spawn Horde -->
			<action type="SpawnEnemy" id="zombieArlene,zombieBoe,zombieBusinessMan,zombieCheerleader,zombieDarlene,zombieFarmer,zombieJoe,zombieMarlene,zombieNurse,zombieOldTimer,zombieSkateboarder,zombieSteve,zombieStripper,zombieYo" value="20" phase="1"/>
			<action type="SpawnEnemy" id="zombieSpider,animalZombieVulture" value="4" phase="1"/>

			<!-- Phase 2: Place Trader Spawner Block -->
			<objective type="BlockPlace" id="quest_TraderBlock" value="1" phase="2"/>

			<!-- Phase 3: Quest turn in -->
			<objective type="InteractWithNPC">
				<property name="phase" value="3"/>
				<property name="nav_object" value="return_to_trader" />
				<property name="use_closest" value="true" />
			</objective>

			<reward type="Exp" value="1000"/>
			<reward type="SkillPoints" value="1" chainreward="true"/>			
			<reward type="Item" id="casinoCoin" value="1000"/>
						
		</quest>

	</append>	
	
</configs>