<configs>

 	<append xpath="/recipes">
		
		<!-- recipes for quest blocks -->
		
		<recipe name="quest_woodPillar100" count="1" tags="learnable">
			<ingredient name="resourceWood" count="2"/>
		</recipe>
		
		<recipe name="quest_woodPoleSupportCtr" count="1" tags="learnable">
			<ingredient name="resourceWood" count="4"/>
		</recipe>
		
		<recipe name="quest_woodCatwalkRailing1" count="1" tags="learnable">
			<ingredient name="resourceWood" count="8"/>
		</recipe>
		
	</append>
	
</configs>