<?xml version="1.0"?>
<configs>
	<set xpath="vehicles/vehicle[@name='vehicleBicycle']/property[@name='velocityMax' and @value='5, 10']/@value">10, 15</set>
	<set xpath="vehicles/vehicle[@name='vehicleBicycle']/property[@name='motorTorqueMaxQ' and @value='1000']/@value">2200</set>
	<set xpath="vehicles/vehicle[@name='vehicleBicycle']/property[@name='motorTorqueMinQ' and @value='1000']/@value">1000</set>

	<set xpath="vehicles/vehicle[@name='vehicleMinibike']/property[@name='velocityMax' and @value='7, 10']/@value">12, 15</set>
	<set xpath="vehicles/vehicle[@name='vehicleMinibike']/property[@name='motorTorqueMaxQ' and @value='2000']/@value">2800</set>
	<set xpath="vehicles/vehicle[@name='vehicleMinibike']/property[@name='motorTorqueMinQ' and @value='1000']/@value">1200</set>

	<set xpath="vehicles/vehicle[@name='vehicleMotorcycle']/property[@name='velocityMax']/@value">150, 270</set>
	<set xpath="vehicles/vehicle[@name='vehicleMotorcycle']/property[@name='motorTorqueMaxQ']/@value">90000</set>
	<set xpath="vehicles/vehicle[@name='vehicleMotorcycle']/property[@name='motorTorqueMinQ']/@value">35000</set>
	<set xpath="vehicles/vehicle[@name='vehicleMotorcycle']/property[@name='steerRate']/@value">130</set>
	<set xpath="vehicles/vehicle[@name='vehicleMotorcycle']/property[@name='steerCenteringRate']/@value">130</set>
	<set xpath="vehicles/vehicle[@name='vehicleMotorcycle']/property[@name='tiltThreshold']/@value">3</set> 
	<set xpath="vehicles/vehicle[@name='vehicleMotorcycle']/property[@name='tiltDampening']/@value">.22</set> 
	<set xpath="vehicles/vehicle[@name='vehicleMotorcycle']/property[@name='tiltDampenThreshold']/@value">800</set> 


	<set xpath="vehicles/vehicle[@name='vehicle4x4Truck']/property[@name='velocityMax']/@value">140, 250</set>
	<set xpath="vehicles/vehicle[@name='vehicle4x4Truck']/property[@name='motorTorqueMaxQ']/@value">17000</set>
	<set xpath="vehicles/vehicle[@name='vehicle4x4Truck']/property[@name='motorTorqueMinQ']/@value">13500</set>

	<set xpath="vehicles/vehicle[@name='vehicleGyrocopter']/property[@name='velocityMax' and @value='9, 15']/@value">7, 45</set>
</configs>